{"name":"df23fb08-75fe-4672-a737-37c0574d60a4","id":"/providers/Microsoft.Flow/flows/df23fb08-75fe-4672-a737-37c0574d60a4","type":"Microsoft.Flow/flows","properties":{"apiId":"/providers/Microsoft.PowerApps/apis/shared_logicflows","displayName":"Employee onboarding","definition":{"metadata":{"workflowEntityId":null,"processAdvisorMetadata":null,"flowChargedByPaygo":null,"flowclientsuspensionreason":"None","flowclientsuspensiontime":null,"flowclientsuspensionreasondetails":null,"creator":{"id":"dc07b3ba-85cc-43df-85ca-8b0a5b1edb0e","type":"User","tenantId":"9fce2830-f63f-423e-874d-786f5f4918c7"},"provisioningMethod":"FromDefinition","failureAlertSubscription":true,"clientLastModifiedTime":"2024-07-21T23:50:40.1096924Z","connectionKeySavedTimeKey":"2024-07-21T23:50:40.1096924Z"},"$schema":"https://schema.management.azure.com/providers/Microsoft.Logic/schemas/2016-06-01/workflowdefinition.json#","contentVersion":"1.0.0.0","parameters":{"$authentication":{"defaultValue":{},"type":"SecureObject"},"$connections":{"defaultValue":{},"type":"Object"}},"triggers":{"When_a_new_response_is_submitted":{"splitOn":"@triggerOutputs()?['body/value']","type":"OpenApiConnectionWebhook","inputs":{"parameters":{"form_id":"y474QWPKTUCX3asKFp_ROI32pcejhfBMgqvbWBY_RD1UM1NXQ1BNRklKRTdSWThZU1AxNURXS01FTy4u"},"host":{"apiId":"/providers/Microsoft.PowerApps/apis/shared_microsoftforms","connectionName":"shared_microsoftforms","operationId":"CreateFormWebhook"},"authentication":"@parameters('$authentication')"}}},"actions":{"Get_response_details":{"runAfter":{},"type":"OpenApiConnection","inputs":{"parameters":{"form_id":"y474QWPKTUCX3asKFp_ROI32pcejhfBMgqvbWBY_RD1UM1NXQ1BNRklKRTdSWThZU1AxNURXS01FTy4u","response_id":"@triggerOutputs()?['body/resourceData/responseId']"},"host":{"apiId":"/providers/Microsoft.PowerApps/apis/shared_microsoftforms","connectionName":"shared_microsoftforms","operationId":"GetFormResponseById"},"authentication":"@parameters('$authentication')"}},"Create_user":{"runAfter":{"Get_response_details":["Succeeded"]},"type":"OpenApiConnection","inputs":{"parameters":{"body/accountEnabled":false,"body/displayName":"@{body('Get_response_details')?['r46b6cfda341449d08113414cab16046a']}@{body('Get_response_details')?['r0e76de134f2f49dda454f708e4c186e4']}","body/mailNickname":"@body('Get_response_details')?['r46b6cfda341449d08113414cab16046a']","body/passwordProfile/password":"Newpass0901","body/userPrincipalName":"@body('Get_response_details')?['rb97da22b4aa44409aaf23ebafb990627']","body/givenName":"@body('Get_response_details')?['r46b6cfda341449d08113414cab16046a']","body/surname":"@body('Get_response_details')?['r0e76de134f2f49dda454f708e4c186e4']","body/department":"@body('Get_response_details')?['r018330fa742844f883ad568f33436fda']"},"host":{"apiId":"/providers/Microsoft.PowerApps/apis/shared_azuread","connectionName":"shared_azuread","operationId":"CreateUser"},"authentication":"@parameters('$authentication')"}}},"outputs":{}},"connectionReferences":{"shared_microsoftforms":{"connectionName":"shared-microsoftform-e13000c4-e453-427b-95de-a546cb0a8baf","source":"Embedded","id":"/providers/Microsoft.PowerApps/apis/shared_microsoftforms","tier":"NotSpecified"},"shared_azuread":{"connectionName":"shared-azuread-62e3df8b-9b4b-4775-9f62-c3e14ca146ea","source":"Embedded","id":"/providers/Microsoft.PowerApps/apis/shared_azuread","tier":"NotSpecified"}},"flowFailureAlertSubscribed":false,"isManaged":false}}